concurso;data;resultados
1;2002-02-18;211212X1X11211
2;2002-02-25;X1111X12111121
3;2002-03-04;12X11112X11X11
4;2002-03-11;111XX222111221
5;2002-03-18;X1X211X1XX2122
6;2002-03-25;21XX12221XX211
7;2002-04-01;11X2X21X121211
8;2002-04-08;1X121X1111X1X1
9;2002-04-18;X2X21111212212
10;2002-04-22;XX2111X2X12122
11;2002-04-29;X111XX1X11X211
12;2002-05-06;1222121222112X
13;2002-05-13;XX1111X2121211
14;2002-05-20;211121X22X221X
15;2002-05-27;2X2121121222X2
16;2002-06-06;11X2X1X1X11212
17;2002-06-11;1X21111121XX1X
18;2002-06-14;2X21122XX2X211
19;2002-06-18;1X22XX12121111
20;2002-06-24;1111X11121X22X
21;2002-07-01;111XX112212X1X
22;2002-07-11;XX221XXXX1X111
23;2002-07-15;22121122X12X1X
24;2002-07-22;X22112X1111111
25;2002-07-30;11X1XX12211212
26;2002-08-05;2111X2121X21X1
27;2002-08-12;22X11112111111
28;2002-08-19;1X1X112221X121
29;2002-08-26;2XXX21X2212112
30;2002-09-02;X21111111212X1
31;2002-09-09;1111X111XX1X11
32;2002-09-16;1XX1221111111X
33;2002-09-23;2XX122X1X11X11
34;2002-09-30;X211121121111X
35;2002-10-07;2X1X1111211112
36;2002-10-14;211X22221X211X
37;2002-10-21;22122111111121
38;2002-10-28;211221X111XX22
39;2002-11-04;11211221X111X2
40;2002-11-11;112X11X1X1X112
41;2002-11-18;X121X12211X212
42;2002-11-25;12X111X11111X1
43;2002-12-02;X1XX12X22X1X12
44;2002-12-09;11111122X2111X
45;2002-12-16;2121221111212X
46;2002-12-23;22222X2X22121X
47;2003-01-13;212221X1XX2XX1
48;2003-01-20;1X1111212X1211
49;2003-01-27;X12X21111211X2
50;2003-02-03;X1221222212121
51;2003-02-10;22222121X111X2
52;2003-02-17;1112X1121111X2
53;2003-02-24;1112X2XX111XX2
54;2003-03-06;X111XX11111XX2
55;2003-03-10;11211212211X12
56;2003-03-17;21XX2X1X12111X
57;2003-03-24;21111X1X111111
58;2003-03-31;1211XXXX21XXXX
59;2003-04-07;22X1122X111X1X
60;2003-04-14;12X11111X1XX11
61;2003-04-22;11221XX11X11XX
62;2003-04-28;X2X211111X1121
63;2003-05-05;X1211211XXX111
64;2003-05-12;1XXX21112X1111
65;2003-05-19;XXXXX11X11X111
66;2003-05-26;1121121221X211
67;2003-06-02;X11111X1X11111
68;2003-06-09;X1X12X1X2211X1
69;2003-06-16;22XX1111X22222
70;2003-06-23;11XXX1111X1212
71;2003-06-30;11222X112XX112
72;2003-07-07;11X1X111122121
73;2003-07-14;22112X22211112
74;2003-07-21;112121X1111111
75;2003-07-28;X11XX12X1221X1
76;2003-08-04;2X11XX2111XX1X
77;2003-08-11;2X121X2X1X1X21
78;2003-08-18;22X12X1X1X1122
79;2003-08-25;1111111211211X
80;2003-09-01;11XX112XXX1112
81;2003-09-08;2XXX21X11X2X11
82;2003-09-15;1121X12X1111X1
83;2003-09-22;1X111X12X1121X
84;2003-09-29;1211111211X1X1
85;2003-10-06;212X21X2X1X112
86;2003-10-13;1122111212X21X
87;2003-10-20;X111111121XX12
88;2003-10-27;122X12X12X1X1X
89;2003-11-03;121X221XX11X2X
90;2003-11-10;22111X21211112
91;2003-11-24;112121221X1111
92;2003-12-01;1111221X111112
93;2003-12-08;1XXXXX1X211X22
94;2003-12-15;211X1111211X12
95;2004-01-05;X11X11XXX2X211
96;2004-01-12;122222X2X11X22
97;2004-01-26;X21221112X1XX1
98;2004-02-02;1X221122X222XX
99;2004-02-09;X2X1121X221122
100;2004-02-16;1111X1211211XX
101;2004-02-25;1121112X112111
102;2004-03-01;X11X212221X221
103;2004-03-08;221111111X2112
104;2004-03-15;2XXXX212122122
105;2004-03-22;12XX111211XX12
106;2004-03-29;2122121X121111
107;2004-04-05;122X12122211X1
108;2004-04-12;111X1111212111
109;2004-04-19;2111X1XX11XX11
110;2004-04-26;1XX1XXXXX12XX1
111;2004-05-03;X212X121X11211
112;2004-05-10;XXX211X1X111X1
113;2004-05-17;211X2X1111XX11
114;2004-05-24;22121X1X221221
115;2004-05-31;X1X1X12X21XX12
116;2004-06-07;12111121X12112
117;2004-06-14;X1X11X12112X12
118;2004-06-21;X111XXX1X122XX
119;2004-06-28;X2X1221X111111
120;2004-07-05;212X21X111X121
121;2004-07-12;211X1111X11111
122;2004-07-19;1111X1121X2112
123;2004-07-26;112XX1X1211112
124;2004-08-02;2XXX1122211X1X
125;2004-08-09;1X1121212XX212
126;2004-08-16;12111112XX2X11
127;2004-08-23;X1XXX1111X1X21
128;2004-08-30;2XX2X2X1121XX1
129;2004-09-06;1XX11211X12X1X
130;2004-09-13;21X11111112X12
131;2004-09-20;XX1111XX2212X2
132;2004-09-27;2111XX11211111
133;2004-10-04;12111211111112
134;2004-10-11;11112112121221
135;2004-10-18;121X2X1X112111
136;2004-10-25;11221XXX112112
137;2004-11-01;12111XXX1X2X11
138;2004-11-08;1111X111X2X112
139;2004-11-16;XX211121XXX111
140;2004-11-22;X2121111112212
141;2004-11-29;212X1111X111XX
142;2004-12-06;1111X121111XX2
143;2004-12-13;X2221212111211
144;2004-12-20;1XX111X1122111
145;2005-01-10;221X2212112212
146;2005-01-17;122X22222X2112
147;2005-01-24;22X11111121112
148;2005-01-31;X11XXX1212XX11
149;2005-02-09;XXX22111221112
150;2005-02-14;1112XX111XX111
151;2005-02-21;221211121111XX
152;2005-03-01;112111X2X12212
153;2005-03-07;X12X122111X211
154;2005-03-14;121111XX112121
155;2005-03-21;1X212X1X111222
156;2005-03-28;122211X212X1X1
157;2005-04-04;XX11212121121X
158;2005-04-11;2X111XX1111111
159;2005-04-18;22X21X1X12X12X
160;2005-04-25;1X2X12211121XX
161;2005-05-02;11X22XX12X1X12
162;2005-05-09;221111X2X11X21
163;2005-05-16;12121212121121
164;2005-05-23;1111111X11X212
165;2005-05-30;X1X1221XXX1111
166;2005-06-06;XX1111X2X2XX1X
167;2005-06-13;1XXX1XX2111121
168;2005-06-20;1121X2X11111XX
169;2005-06-27;22X212X1122112
170;2005-07-04;1112121XX11X1X
171;2005-07-11;12111112122122
172;2005-07-18;11122222X21222
173;2005-07-25;21121X111X2121
174;2005-08-01;12X11XX121211X
175;2005-08-08;2212X11X1121X2
176;2005-08-15;X1121X11X1X211
177;2005-08-22;XX112112111X11
178;2005-08-29;X1121XX2112111
179;2005-09-05;111111X12111X1
180;2005-09-12;X112211X1X2121
181;2005-09-19;1111122X1111X1
182;2005-09-26;21X111X111X12X
183;2005-10-03;XXX1111212111X
184;2005-10-10;21111X2X112111
185;2005-10-17;X121211X12222X
186;2005-10-24;1211X1X2XX1111
187;2005-10-31;X22XX11X11X112
188;2005-11-07;11112212X1X111
189;2005-11-14;1121221X1X111X
190;2005-11-21;X11221X1221111
191;2005-11-28;11X1X112112X12
192;2005-12-05;11122111111211
193;2005-12-12;1221X121221X21
194;2005-12-19;212221112X12XX
195;2006-01-09;11111111XX221X
196;2006-01-16;1121112221X212
197;2006-01-23;11111XX22X1211
198;2006-01-30;X2X12112XX121X
199;2006-02-06;1XX1X111121X11
200;2006-02-13;2X21111XX11X22
201;2006-02-20;11X111X2XXXX21
202;2006-03-01;1212212XX12211
203;2006-03-06;1XXXX11121X11X
204;2006-03-13;2XX112X1212X2X
205;2006-03-20;211112X221112X
206;2006-03-27;X1X21X2X11X122
207;2006-04-03;12XXX1XXX12122
208;2006-04-10;X1221X11X2212X
209;2006-04-17;11XX2X112X2112
210;2006-04-24;1111111X2X1X21
211;2006-05-02;2X1121XX1X1121
212;2006-05-08;212111XX1X1112
213;2006-05-15;1XX21221X1111X
214;2006-05-22;211212X1X12X11
215;2006-05-29;11XX22XX11211X
216;2006-06-05;122X2121111X1X
217;2006-06-14;1X12112121X1X1
218;2006-06-22;1X222XXX121X1X
219;2006-06-27;1111X12121111X
220;2006-07-03;2X1XX2122211XX
221;2006-07-13;11X11X1XXXX1X1
222;2006-07-17;2111X12X11111X
223;2006-07-24;X2211X111XXX11
224;2006-07-31;2XX11X12XX1X11
225;2006-08-07;1X1111XX1XXXX1
226;2006-08-14;22XX1X11211212
227;2006-08-21;XX1211112X1X1X
228;2006-08-28;X221X212X11212
229;2006-09-04;11X222X12111X1
230;2006-09-11;X2XX1X11XX2111
231;2006-09-18;1111X1111X1121
232;2006-09-25;X1X11111121222
233;2006-10-05;111211X11211X1
234;2006-10-09;2111X211X11111
235;2006-10-16;11112112X11X2X
236;2006-10-23;X12212X11111X1
237;2006-10-30;2212122XX21112
238;2006-11-06;221112212XX111
239;2006-11-13;112211221X2X1X
240;2006-11-20;XX1XX21X1X2112
241;2006-11-27;12X1X2XXX21122
242;2006-12-04;XX12X1X1X11111
243;2006-12-11;11121121X122X1
246;2007-01-08;11X1112X112121
247;2007-01-15;11X2212X111212
248;2007-01-22;12X2212212XX21
249;2007-01-29;22X2112X211111
250;2007-02-05;X1112X1112XXX1
251;2007-02-12;1X221X2X1XXX22
252;2007-02-21;X12121121211X2
253;2007-02-26;X222X11X211211
254;2007-03-05;2222211X1XX211
255;2007-03-12;X2112X22X21111
256;2007-03-19;11111211121221
257;2007-03-26;1111X2221121X1
258;2007-04-02;11112111X2X1X2
259;2007-04-09;121211X1X2X221
260;2007-04-16;XX1X1X1X11X1X1
261;2007-04-23;2XX1X211111XXX
262;2007-05-02;11221X1X221212
263;2007-05-07;X1111XX2XX1X1X
264;2007-05-14;22X211X1112121
265;2007-05-21;12211111112112
266;2007-05-28;XX1X21211X221X
267;2007-06-04;XX212X112121X2
268;2007-06-11;1X12X1X1112221
269;2007-06-18;X121211211XX2X
270;2007-06-25;2121X2221X1X22
271;2007-07-02;221X1121X112XX
272;2007-07-09;XX21X1X2X11211
273;2007-07-16;X1X111XX1X2121
274;2007-07-23;12111111XX211X
275;2007-07-30;X1211XX2X12X22
276;2007-08-06;21121221111X1X
277;2007-08-13;112X21X2212111
278;2007-08-20;X11XX1211XX11X
279;2007-08-27;X2X21111112211
280;2007-09-03;1X11X111X12XX1
281;2007-09-10;121121X2111111
282;2007-09-17;X1212212X21112
283;2007-09-24;12211X1X111XX1
284;2007-10-01;2112222X2111X2
285;2007-10-08;22122111111X11
286;2007-10-15;XX1XX22XX22212
287;2007-10-22;1111111X2X1111
288;2007-10-29;XX21X21X21XX11
289;2007-11-05;1X21XX1X1121XX
290;2007-11-12;111X1111212X1X
291;2007-11-19;X1XX1X2111X221
292;2007-11-26;X112X221222121
293;2007-12-03;X212111121XX11
294;2008-01-07;11111112221121
295;2008-01-14;212122121222X2
296;2008-01-21;X1111221XX2212
297;2008-01-28;X1X11XX111XX11
298;2008-02-06;21X1X112211XXX
299;2008-02-11;1212212111212X
300;2008-02-18;X121221X121212
301;2008-02-25;221212112112XX
302;2008-03-03;212111121X211X
303;2008-03-10;X1122122211121
304;2008-03-17;21222X21X121X1
305;2008-03-24;12121122111122
306;2008-03-31;111221X22X21X2
307;2008-04-07;XX222112X22211
308;2008-04-14;112X1X1X21121X
309;2008-04-22;122X1X1X2X2121
310;2008-04-28;12211122222112
311;2008-05-05;111121X2111221
312;2008-05-12;21X111X12X1211
313;2008-05-19;1X1X2221X1X11X
314;2008-05-26;11X121XX11XXX1
315;2008-06-02;X2X212X1X111X1
316;2008-06-09;1112X212111111
317;2008-06-16;1111X1XXXX2X12
318;2008-06-23;2111XX21212211
319;2008-06-30;X2X22X1111XXXX
320;2008-07-07;1X11X1X211111X
321;2008-07-14;1111XX2XX211XX
322;2008-07-21;1121221111X111
323;2008-07-28;X12XX2X12X111X
324;2008-08-04;2222211X212111
325;2008-08-11;1211121X111X11
326;2008-08-18;1X1X2111112111
327;2008-08-25;X1X21X1121XX1X
328;2008-09-01;XX11111X1XX12X
329;2008-09-08;X212111X111111
330;2008-09-15;121X1111111222
331;2008-09-22;X21111121X1111
332;2008-09-29;111111X1XX1XX1
333;2008-10-06;121111X1111221
334;2008-10-13;2X2X1XX1X121XX
335;2008-10-20;22X2211X1XX1X2
336;2008-10-27;1X21X112X2XX11
337;2008-11-03;21111XX111XX12
338;2008-11-10;22211X21X1X221
339;2008-11-17;11111X11X11111
340;2008-11-24;1211XX112XX112
341;2008-12-01;X2X11121X12X1X
342;2008-12-08;2211X222XX1112
343;2008-12-15;1X1XX11X2112X2
344;2009-01-05;11211XX112111X
345;2009-01-12;111X2222212122
346;2009-01-19;X2X11111X1111X
347;2009-01-26;21112X221222X2
348;2009-02-02;X221XX11211XX2
349;2009-02-09;1X222X2XXXX221
350;2009-02-16;XX11X12X1X2211
351;2009-02-25;X21X2XXX221121
352;2009-03-02;1111121211X11X
353;2009-03-09;X1111112X12111
354;2009-03-16;2XX2X122X2X221
355;2009-03-23;11X1X1XX2122X1
356;2009-03-30;11XX21212121XX
357;2009-04-06;X2X1XX1211X1X1
358;2009-04-13;11211112X11121
359;2009-04-20;21X1212222XX21
360;2009-04-27;X2122X12111112
361;2009-05-04;XX1111XX2X11XX
362;2009-05-11;21112XXXXX2X1X
363;2009-05-18;1XX2112X21X1X1
364;2009-05-25;X12111XX221212
365;2009-06-01;12111X11XXXX11
366;2009-06-08;X2X111X221X111
367;2009-06-15;1XXX1111X2111X
368;2009-06-22;12122211221XX1
369;2009-06-29;XXX21X12112111
370;2009-07-06;11XXX22X2X1121
371;2009-07-13;X2211111112111
372;2009-07-20;1XX21X21XX2221
373;2009-07-27;X21211121122X2
374;2009-08-03;22112111121X11
375;2009-08-10;1221X1X121X1X1
376;2009-08-17;1X1221X2211221
377;2009-08-24;1112X1X11X1X11
378;2009-08-31;XX1X1X1X211X11
379;2009-09-08;221X11112XXX1X
380;2009-09-14;X211X2X2X11112
381;2009-09-21;1X1112211XX112
382;2009-09-28;X121121111121X
383;2009-10-05;12XX11X1X11122
384;2009-10-13;21X12X2X22X1X1
385;2009-10-19;21X211X1111X12
386;2009-10-26;12221222X1X112
387;2009-11-03;X212X2X1111122
388;2009-11-09;21211X1X1X1121
389;2009-11-16;X12X121X111111
390;2009-11-23;12X2211211221X
391;2009-11-30;2111X12111X121
392;2009-12-07;111XX2211X2212
394;2010-01-04;1XXXX1XX1X111X
395;2010-01-11;X211X11X2121X2
396;2010-01-18;12112XX222222X
397;2010-01-25;1X21111X2X21X1
398;2010-02-01;12X11XX21211X1
399;2010-02-08;2221X122221X22
400;2010-02-18;X2XX22X22X2X2X
401;2010-02-22;2122X2XX2112XX
402;2010-03-01;111122X1X21122
403;2010-03-09;1211X12121112X
404;2010-03-15;1211121XXXXX11
405;2010-03-22;X2212122122111
406;2010-03-30;1111112X111121
407;2010-04-05;22211X2X222221
408;2010-04-12;1X11112XX12121
409;2010-04-19;211X2X11211121
410;2010-04-26;222211121222X1
411;2010-05-03;21212X12X2XX12
412;2010-05-10;X2X111211X1111
413;2010-05-17;2X221X21XX1X2X
414;2010-05-24;211111X111X211
415;2010-05-31;X111X1112XXXX2
416;2010-06-07;X11122211222X1
417;2010-06-16;1X11X1221XXX1X
418;2010-06-21;1222112XX22XX1
419;2010-06-25;2222211222X111
420;2010-06-28;X2X2X11X111X1X
421;2010-07-05;12X2X222X21112
422;2010-07-15;X21X2X121122XX
423;2010-07-19;2122X1X11X1111
424;2010-07-26;112111XXX11XXX
425;2010-08-02;XXXX111X211122
426;2010-08-09;1122X121XXX1X1
427;2010-08-16;1X111122112111
428;2010-08-23;X11X12XXX22111
429;2010-08-30;12X12X1XXX111X
430;2010-09-06;X1X2X112222111
431;2010-09-13;X12X11X11X12X1
432;2010-09-20;X2211212XX112X
433;2010-09-27;12112111X11222
434;2010-10-04;X2222X11X1XXXX
435;2010-10-11;11121121X1X2X2
436;2010-10-18;X111211111X1X1
437;2010-10-25;X1XXX1121121X2
438;2010-11-01;X21X1212X12112
439;2010-11-08;12X112111X1X22
440;2010-11-16;1X1112221X12XX
441;2010-11-22;21X1X111X22112
442;2010-11-29;21221X1X1XX211
443;2010-12-06;X11X11X12111X1
444;2011-01-10;221X1211221122
445;2011-01-17;12221X22X12212
446;2011-01-24;X2X1X1X1122121
447;2011-01-31;21211122212XX2
448;2011-02-07;2212111X1X11X2
449;2011-02-14;22121212111X2X
450;2011-02-21;X11121X2111X1X
451;2011-02-28;X11212211211X2
452;2011-03-10;1211XX122122X1
453;2011-03-14;X2XX1111222X21
454;2011-03-21;1XX1X1111X2112
455;2011-03-28;1X12222212121X
456;2011-04-04;222221X1111XX2
457;2011-04-11;22121X1X121X22
458;2011-04-18;1X2211X111X222
459;2011-04-25;X1221221121111
460;2011-05-02;X2X21XX1211X1X
461;2011-05-09;X122XX1111X11X
462;2011-05-16;112XX2X2221212
463;2011-05-23;2X111X11121212
464;2011-05-30;X1211X22X12121
465;2011-06-06;X12XX1111X111X
466;2011-06-13;1XXX1XXXX1X1X1
467;2011-06-20;X21112XX1XX2XX
468;2011-06-27;111X211X212121
469;2011-07-07;X11111XX1X1XXX
470;2011-07-11;X211211XX11X21
471;2011-07-18;2111121X111111
472;2011-07-25;221X222211XXXX
473;2011-08-01;211X1X12121112
474;2011-08-08;11XX2X1211121X
475;2011-08-15;1112X11111XXXX
476;2011-08-22;XXXX212XX11221
477;2011-08-29;X111X1XX21222X
478;2011-09-05;11XX121X1211X2
479;2011-09-12;12XX112X1X1112
480;2011-09-19;2X1X1211XXXX11
481;2011-09-26;X211XX1X1X2211
482;2011-10-03;X2111XX11XXX11
483;2011-10-10;111XXX11X11XX1
484;2011-10-17;22222X11X11121
485;2011-10-24;XX2211111X21X2
486;2011-10-31;X111XXX1122111
487;2011-11-07;12122121221121
488;2011-11-14;11X11X21212211
489;2011-11-21;21X12X1222X111
490;2011-11-28;211X2111X1XX12
491;2011-12-05;XX11X1X1211X11
492;2012-01-09;21X2212221X222
493;2012-01-16;2212111X211XX2
494;2012-01-23;1111X111111222
495;2012-01-30;111122X212X11X
496;2012-02-06;2X1X22XX1112XX
497;2012-02-13;12X22121221111
498;2012-02-23;2221XX11X1X121
499;2012-02-27;X1X11X2X21X2X1
500;2012-03-05;1121X112122222
501;2012-03-12;11XX111XX211X1
502;2012-03-19;1111X212112221
503;2012-03-26;122112111111XX
504;2012-04-02;2X1X112122112X
505;2012-04-09;X1121221111112
506;2012-04-16;1112XX121121X1
507;2012-04-23;22X21221212111
508;2012-05-02;122121111111X1
509;2012-05-08;12XXX112X22XXX
510;2012-05-14;21XXX12X21XX11
511;2012-05-21;2122XX22XX11X1
512;2012-05-28;12122X112XX1XX
513;2012-06-04;2X21211112X1X2
514;2012-06-11;2X11X1111X2211
515;2012-06-18;1211XX11111X12
516;2012-06-25;1111X112X22X12
517;2012-07-02;2121X1XXXX2112
518;2012-07-09;11111X22X11X11
519;2012-07-16;XXX1XX1111222X
520;2012-07-23;12111221XX2122
521;2012-07-30;X111X111XXX111
522;2012-08-06;X211X11122112X
523;2012-08-13;122X11221XX211
524;2012-08-20;1111X21111X111
525;2012-08-27;22XX12111XX22X
526;2012-09-03;11X2X21111111X
527;2012-09-10;X1112X21X1X122
528;2012-09-17;XX211XX1XX2121
529;2012-09-24;X12112222111XX
530;2012-10-01;21X11XX1X11X1X
531;2012-10-08;1111X1X1X112X1
532;2012-10-15;1X11221X11111X
533;2012-10-22;112211X1XX2X11
534;2012-10-29;112X1111112XX1
535;2012-11-05;X2122X112X1221
536;2012-11-12;2X1122X112X111
537;2012-11-19;X22XXX111X112X
538;2012-11-26;XX1X12XXX2222X
539;2012-12-03;1XX121122XX121
540;2013-01-07;11211XXXX11X11
541;2013-01-14;2X21X222XXX21X
542;2013-01-21;111X122X111212
543;2013-01-28;XXX21121XX1X12
544;2013-02-04;111222X212X1X1
545;2013-02-14;XX1111X21XXX12
546;2013-02-18;1XX1X122X21121
547;2013-02-25;1X12XX11212X11
548;2013-03-04;2112122X21112X
549;2013-03-12;2221211111111X
550;2013-03-18;111X1122X1XX21
551;2013-03-25;XX2111XX2122X2
552;2013-04-01;221X1212X1X122
553;2013-04-08;2X1X1211X21122
554;2013-04-15;1122X11X12XX12
555;2013-04-22;112XX2X1111211
556;2013-04-29;X1211112X12111
557;2013-05-06;1XX121X121121X
558;2013-05-13;112122XX22X111
559;2013-05-20;XX1X1XX2221111
560;2013-05-27;X121112X11111X
561;2013-06-03;XX122X11XXXX21
562;2013-06-10;1211X11X2X11XX
563;2013-06-24;12121211122212
564;2013-07-01;X21X1211X22211
565;2013-07-08;21X112XX2X2111
566;2013-07-15;222X2X11X11X11
567;2013-07-22;21121X2XX1X1X2
568;2013-07-29;X11111111X112X
569;2013-08-05;12111X122111XX
570;2013-08-12;22211X21XXX11X
571;2013-08-19;X12111XX22211X
572;2013-08-26;2XX211X1121111
573;2013-09-02;11X11XX1122X2X
574;2013-09-09;11122X11X1X2X1
575;2013-09-16;2221X1112X11X2
576;2013-09-23;XX111X1XX21121
577;2013-09-30;2X1XX2X2112122
578;2013-10-07;X1211X111X12XX
579;2013-10-14;1XXX1121111111
580;2013-10-21;X1222X12X1X11X
581;2013-10-28;X1XX1111X12212
582;2013-11-04;1212XX111X11XX
583;2013-11-11;11X1111XXX2211
584;2013-11-18;11X111112X1211
585;2013-11-25;11X1X211X11XX1
586;2013-12-02;X11X2X1121112X
587;2013-12-09;XX1112X1X2X122
588;2014-01-06;21X121111112XX
589;2014-01-13;21X1X212XX2212
590;2014-01-20;211222X1XX11X1
591;2014-01-28;1X2XXX11111121
592;2014-02-03;111XX12111X211
593;2014-02-10;2X1112121XX21X
594;2014-02-17;2X2X2121111X1X
595;2014-02-24;2X21X222X1211X
596;2014-03-06;2XX2X221122X1X
597;2014-03-10;2XX1X1X1X1X222
598;2014-03-17;X1111122X11111
599;2014-03-24;111211111X2121
600;2014-03-31;2XX121X11X12X2
601;2014-04-07;X22X21X1X11211
602;2014-04-14;X21X1X111121X1
603;2014-04-22;X1XXX11X1112X2
604;2014-04-28;1XXX1112XX1X21
605;2014-05-05;1X12X1X122122X
606;2014-05-12;1XX12111112221
607;2014-05-19;22XXX12XX11221
608;2014-05-26;XX1X21X1221X22
609;2014-06-02;1X1X22X12X112X
610;2014-06-16;112112211111X2
611;2014-06-23;X1X22211X222X1
612;2014-06-26;22122X21212X21
613;2014-07-21;1111X2XXXX2221
614;2014-07-28;122X2112121111
615;2014-08-04;XXX11X2X111111
616;2014-08-11;2112212X1112X1
617;2014-08-18;11X21112X2X122
618;2014-08-25;11122X1112X221
619;2014-09-01;X22XX111X1X111
620;2014-09-08;21121X11XXX12X
621;2014-09-15;11X1XX11X11111
622;2014-09-22;X11121112X1112
623;2014-09-29;2111X11X1111X1
624;2014-10-06;2211X1X11111X2
625;2014-10-13;1111XX12111211
626;2014-10-20;2X1111X1X1111X
627;2014-10-27;11XX11211XXX11
628;2014-11-03;11211121X12212
629;2014-11-10;12XX21X1212111
630;2014-11-17;1X111112122221
631;2014-11-24;11122XX1XX1212
632;2014-12-01;111X1211XX11X2
633;2014-12-08;XX2XXX11XX1111
634;2015-01-05;12XX1111XXX1X1
635;2015-01-12;X22212X1X12212
636;2015-01-19;2111112X2111XX
637;2015-01-26;X1X222212X11X1
638;2015-02-02;121XX2221111X2
639;2015-02-09;2X1X1112121X12
640;2015-02-18;1222121122XX22
641;2015-02-23;221212112XX121
642;2015-03-02;1XX1X1111121XX
643;2015-03-09;122111X111X12X
644;2015-03-16;21X1112121212X
645;2015-03-23;12X22222X221X2
646;2015-03-30;X21XX11XX1X21X
647;2015-04-06;1X1X122112122X
648;2015-04-13;1X11211221X121
649;2015-04-20;2111X1211X1212
650;2015-04-27;1XX1XX12221X21
651;2015-05-04;212X2X1X21X2X1
652;2015-05-11;121X2121X11XXX
653;2015-05-18;1X121111X111X1
654;2015-05-25;X2111X2111X11X
655;2015-06-01;22X1X112121XX1
656;2015-06-08;12111221X11X21
657;2015-06-15;112111X11X2X12
658;2015-06-22;112X1111X1X211
659;2015-06-29;11121X2X111221
660;2015-07-06;X2X1121XX12122
661;2015-07-13;22X11211211112
662;2015-07-20;211111XXX11X11
663;2015-07-27;1221XX112X21XX
664;2015-08-03;1XXX11X1111XX2
665;2015-08-10;X11121XX1XX1X1
666;2015-08-17;1X2122111X122X
667;2015-08-24;11121111111X11
668;2015-08-31;22211X121111X2
669;2015-09-08;1X2122XXX211X2
670;2015-09-14;X21X11X1112121
671;2015-09-21;111X21X21X1111
672;2015-09-28;2X11X212111X12
673;2015-10-05;1XX2111X121211
674;2015-10-14;1X122221211212
675;2015-10-19;2122111111212X
676;2015-10-26;1X212XXXX12221
677;2015-11-03;22121211XXX111
678;2015-11-09;21112112112X11
679;2015-11-18;121112X1X21211
680;2015-11-23;11XX111XX211XX
681;2015-11-30;111X121211121X
682;2015-12-07;12X212112X1111
683;2016-01-04;11X222X11X22X1
684;2016-01-08;221112X1X22212
685;2016-01-25;1222112X11X212
686;2016-02-01;21X2221X2111X1
687;2016-02-11;112211XX1X212X
688;2016-02-15;11X2X22X1221X2
689;2016-02-22;2X111122111112
690;2016-02-29;X21X11XX11121X
691;2016-03-07;1X11X1X2122121
692;2016-03-14;222X11X2111122
693;2016-03-21;XXX2121221X121
694;2016-03-28;21X221111X1211
695;2016-04-04;1XXX21X211122X
696;2016-04-11;12X12XX1221211
697;2016-04-18;2212212X2112X2
698;2016-04-25;1X11X12X1221X2
699;2016-05-02;2X12X2112X12X1
700;2016-05-09;X112X21111XXX1
701;2016-05-16;X2122X1X21X111
702;2016-05-23;12X12X1X1X11X1
703;2016-05-30;11211121X1X222
704;2016-06-06;X112211XX11112
705;2016-06-13;12X221X1X112X2
706;2016-06-20;X1122121211111
707;2016-06-27;211X1X22X2X111
708;2016-07-04;21X1111X1X1XX1
709;2016-07-11;1212XX111X11X1
710;2016-07-18;XX2X11112XX111
711;2016-07-25;11XX12112X122X
712;2016-08-01;2121X1X111XX11
713;2016-08-08;211X12X11X111X
714;2016-08-15;111X1X12X11X22
715;2016-08-22;1X122211X2121X
716;2016-08-29;2XXX112111222X
717;2016-09-05;1XXX12XX121X11
718;2016-09-12;11X22X11X11112
719;2016-09-19;21X2X1XXX22211
720;2016-09-26;2X111211211111
721;2016-10-03;X1111121212211
722;2016-10-10;111X1X111X1122
723;2016-10-17;X11211121111X2
724;2016-10-24;X222XXX1XX2111
725;2016-10-31;X111111112XXXX
726;2016-11-07;X1111211111121
728;2016-11-21;1X111XX11221XX
729;2016-11-28;1121X21XX111X1
730;2016-12-05;X1X122221XXX22
731;2017-01-09;X22X111211X222
732;2017-01-16;XX1111X211X2X2
733;2017-01-23;12X211X11XX12X
734;2017-01-30;2212111XX2211X
735;2017-02-06;111111X221X212
736;2017-02-13;211X11111X11X1
737;2017-02-21;12122X221X2X1X
738;2017-03-02;11222XX2X11112
739;2017-03-06;1X111211211221
740;2017-03-13;12211X2X221121
741;2017-03-20;X22X22221111XX
742;2017-03-27;XX1XX1X1X21X2X
743;2017-04-03;X2XX112X12X111
744;2017-04-11;21XX21XX2X1211
745;2017-04-18;12X12121112XX2
746;2017-04-24;XX1X11112211X1
747;2017-05-02;2XXX11212XX222
748;2017-05-08;1XX1X1222X2XXX
749;2017-05-15;X21112X2111X11
750;2017-05-22;2212111X1121X2
751;2017-05-29;122111212111XX
752;2017-06-05;X1X11X11121111
753;2017-06-12;111X221X1X1X12
754;2017-06-19;X2XXX2X1122112
755;2017-06-26;2222X12212X121
756;2017-07-03;11X112121XX11X
757;2017-07-10;2111XXXX21XXXX
758;2017-07-17;XXXXX11X1XX122
759;2017-07-24;2121XX21X2212X
760;2017-07-31;X2X11111212211
761;2017-08-08;X111212221X1XX
762;2017-08-14;211112X11X11X1
763;2017-08-21;11X1211211X12X
764;2017-08-28;121X11X1X22X22
765;2017-09-04;1121X112111211
766;2017-09-11;11XX11X2XX1112
767;2017-09-18;X1211112111211
768;2017-09-25;X1XX112111222X
769;2017-10-02;X212XX212X11X2
771;2017-10-16;11X1X121211122
772;2017-10-23;121XX1221X211X
773;2017-10-30;1X22XXXXX1XXX1
774;2017-11-06;21122X11122X11
775;2017-11-13;1XXXX2X111221X
776;2017-11-20;1X12XX1X211X11
777;2017-11-27;2222212X21XX21
782;2018-01-15;12211X12X1X12X
783;2018-01-22;X1222X12X2X112
784;2018-01-29;X1X1X1X221XX12
785;2018-02-05;1122X11111211X
787;2018-02-20;X221XX11X12X12
788;2018-02-26;12111XXX212112
789;2018-03-05;12X1221X2211X1
790;2018-03-12;221X22X12X12XX
791;2018-03-19;2X2222X1111122
792;2018-03-26;11121XX12X1111
793;2018-04-02;X1112221X11212
794;2018-04-09;122111X11X2X1X
795;2018-04-16;2112111X111111
796;2018-04-23;1X1212X1112X2X
797;2018-04-30;2XX22X12X1212X
798;2018-05-07;1X122X2112X11X
799;2018-05-14;X1X211121121X1
800;2018-05-21;11X22XXX111111
801;2018-05-28;21212X1X11222X
802;2018-06-04;211222X1XX1212
803;2018-06-11;X1112XX122X11X
804;2018-06-18;122X1X2122X112
805;2018-06-25;X121121211X211
806;2018-06-28;XX2X22122X2222
807;2018-07-02;11XX221X111XX2
808;2018-07-09;121X212X211112
809;2018-07-16;2211XXX212X111
810;2018-07-23;111X1X11X11121
811;2018-07-30;111122X11121X2
812;2018-08-06;1X2XX11X2X1XX1
813;2018-08-13;X12X1X2X1X1111
814;2018-08-20;1X1121X11122X2
815;2018-08-27;111X1X11111XX1
816;2018-09-03;XX121112X21122
817;2018-09-10;1111X211X11X21
818;2018-09-17;XXX11X1X11X111
819;2018-09-25;111XX2X1112221
820;2018-10-01;11XX1XX22XX111
821;2018-10-08;2211X1121X1211
822;2018-10-15;X11112X1X11211
823;2018-10-22;2X1X11X12X1112
824;2018-10-29;X2X112111X11X2
825;2018-11-05;21XX212221X11X
826;2018-11-12;X1X2XX1212XX1X
827;2018-11-19;1X1X21X2121121
828;2018-11-27;21X111211X2X11
829;2018-12-03;112X11X1X1X111
830;2018-12-10;122X211122XXXX
831;2018-12-17;11X211X1211221
832;2018-12-24;XX1221X1X122X1
833;2018-12-31;111212X12XX221
834;2019-01-07;2X1211XX2X2112
835;2019-01-14;112XX21X221112
836;2019-01-21;X1111XX22X1X1X
837;2019-01-28;X1221111112X11
838;2019-02-04;22X11X122X1112
839;2019-02-11;X122X21X12121X
840;2019-02-18;111XX11X2X11XX
841;2019-02-25;XXX112212122X1
842;2019-03-06;1121X1221122X2
843;2019-03-11;XXXXXX22121XX2
844;2019-03-18;211XX1X2XXX122
845;2019-03-25;2X2X1X211121XX
846;2019-04-01;1X1111122X1121
847;2019-04-08;X1111221211111
848;2019-04-15;X1212X1X12X121
849;2019-04-22;121121X1X22121
850;2019-04-29;1112111122XX11
851;2019-05-06;2XX1211XXX11X1
852;2019-05-13;X12X122211211X
853;2019-05-20;111X2X2X211X21
854;2019-05-27;111X11X112X1X2
855;2019-06-03;1X211122111211
856;2019-06-10;XX121XX122X111
857;2019-06-17;1X2X1212111XX1
858;2019-06-25;22122X1111X112
859;2019-07-15;X1211112211XXX
860;2019-07-22;XX12XXXXX1X112
861;2019-07-29;12X211XX211XX2
862;2019-08-05;1X11112XXX211X
863;2019-08-12;11XX11X21111X1
864;2019-08-19;2X1121X1111222
865;2019-08-26;1112XXXXX11XXX
866;2019-09-02;1111121X121121
867;2019-09-09;22122X1212X1X1
868;2019-09-16;121X22X1X12X21
869;2019-09-23;2121212X112111
870;2019-09-30;X11X11X11X111X
871;2019-10-07;21X2X221212X2X
872;2019-10-14;121X112111121X
873;2019-10-21;1X12121X2X12XX
874;2019-10-28;XX111XXX2X2X21
875;2019-11-04;1X11XXXXXX1211
876;2019-11-11;XX121XX1122121
877;2019-11-18;XX2X111X1XXX11
878;2019-11-25;1121122XXX12X2
879;2019-12-02;2X22121X221X11
880;2019-12-09;XX2221111X1211
881;2019-12-16;11X2222XX2XX22
882;2019-12-23;X22X1111111212
883;2020-01-06;X22112X122XX21
884;2020-01-13;1X12X111X12222
885;2020-01-20;XX1X212X2211X1
886;2020-01-27;XXX1X2X2X21221
887;2020-02-03;1111XX2X2X1X21
888;2020-02-10;11112XX12122XX
889;2020-02-17;X11XX11X211211
890;2020-02-26;1X12X11121X111
891;2020-03-02;X12112X2X11XX1
892;2020-03-09;111X1X1XX11XX1
893;2020-03-16;2X212X11X2122X
894;2020-08-10;211X2211X1X11X
895;2020-08-17;XX1X2111X21X11
896;2020-08-24;22X1X12XX21X21
897;2020-08-31;1212X2X211X221
898;2020-09-08;11X111221X1X1X
899;2020-09-14;1X1X11X12111X2
900;2020-09-21;XX2111X12212X1
901;2020-09-28;X11X1X1X11XXXX
902;2020-10-05;X122XX21X12X21
903;2020-10-13;2121X111X11211
904;2020-10-19;2X21XXXX111X11
905;2020-10-26;211X12X2111X11
906;2020-11-03;22X1X121111X11
907;2020-11-09;121X1X12X21X2X
908;2020-11-16;1X122X212122XX
909;2020-11-23;211111XXXX121X
910;2020-11-30;211212112XX1X2
911;2020-12-07;XXX221X1XX2X11
912;2020-12-14;12121112211X1X
913;2020-12-21;222X12212X1112
914;2020-12-28;211112X22X1X11
915;2021-01-11;212XXX22122XX1
916;2021-01-18;XX21122X1X1212
917;2021-01-25;1X111X11X11111
918;2021-02-01;12X222XX111212
919;2021-02-08;11XXXXX1XX212X
920;2021-02-17;X2111221122X22
921;2021-02-22;222X221X1X2X1X
922;2021-03-01;1XXXXXX2XX221X
923;2021-03-08;1111X21X2X2X11
924;2021-03-15;211XX1X1X121X2
925;2021-03-22;X1XX2X2X111222
926;2021-03-29;2XXXX1X2211212
927;2021-04-05;1X21X2X1211X11
928;2021-04-12;1X112XX2212XX1
929;2021-04-19;1121X111XX1112
930;2021-04-26;1112X221112122
931;2021-05-03;122X2XXX21X2XX
932;2021-05-06;121X12211XX112
933;2021-05-10;21X112221X1112
934;2021-05-13;12X212122XX1XX
935;2021-05-17;12X12121X2XX1X
936;2021-05-20;112122212XX211
937;2021-05-24;21XX1X22XXX111
938;2021-05-27;2XX12XX1X21111
939;2021-05-31;211X1X2111122X
940;2021-06-07;X111X1112X222X
941;2021-06-14;1XX2112X121X2X
942;2021-06-21;1X11221XXX11X1
943;2021-06-28;111X1X1X111XXX
944;2021-07-05;X21XX121221222
945;2021-07-12;1XXXX1221XXX21
946;2021-07-19;21X2212222X2X1
947;2021-07-26;XX11111111122X
948;2021-08-02;X12XXX111221X1
949;2021-08-09;X2X2X22121X1X2
950;2021-08-16;X1211111121X1X
951;2021-08-23;X11X2212XXXX12
952;2021-08-30;XX221111XXX1XX
953;2021-09-06;22X2111XXXXXX1
954;2021-09-13;2212XX22X112X1
955;2021-09-20;21211XX12X12XX
956;2021-09-27;1121XX2111112X
957;2021-10-04;1122X22X1XXX22
958;2021-10-11;X1X11221X21111
959;2021-10-18;1112X21211X1XX
960;2021-10-25;12X122XX1XXX11
961;2021-11-01;1X222X1112X211
962;2021-11-08;1111X111222X11
963;2021-11-16;21X1111X11211X
964;2021-11-22;11121X2111X2X2
965;2021-11-29;X2X1112X11X11X
966;2021-12-06;121221X1121X1X
967;2021-12-13;1X1221X2111111
968;2021-12-20;221XX1XX211X1X
969;2022-01-10;2X112X22X12X1X
970;2022-01-17;21X2111X2X11XX
971;2022-01-24;XX22212XX11212
972;2022-01-31;1X11XXX22XX12X
973;2022-02-07;212211X2211221
974;2022-02-14;2X221X221XX2XX
975;2022-02-21;X2111111X221X1
976;2022-03-02;1X12111X22X211
977;2022-03-07;11221111222211
978;2022-03-14;11112112212211
979;2022-03-21;11121X1X11X112
980;2022-03-28;22212112X112X1
981;2022-04-04;1X111X2X1X1111
982;2022-04-07;2X11211121122X
983;2022-04-11;XXX1X2X1112211
984;2022-04-14;1X2121X111X11X
985;2022-04-18;1XXX1X21122112
986;2022-04-22;X211122111X22X
987;2022-04-25;111X121XX2112X
988;2022-04-28;11121XX2212221
989;2022-05-02;211XXX21XX11XX
990;2022-05-05;1122X111XX2111
991;2022-05-09;2211X2X1X121XX
992;2022-05-12;X1X12X2212112X
993;2022-05-16;11XX11X2121121
994;2022-05-19;XX21X1XX111111
995;2022-05-23;XX1111X2XX2221
996;2022-05-26;112XX121X22112
997;2022-05-30;21XX1X12XXX212
998;2022-06-03;222X2XX1222XX2
999;2022-06-06;XX1XXXX1212222
1000;2022-06-09;12X121X12211X1
1001;2022-06-13;12112X2XX112X1
1002;2022-06-17;X122X1121X111X
1003;2022-06-20;122XXXX1221121
1004;2022-06-27;X21X1X1X1X2X1X
1005;2022-06-30;XX11112X221XX1
1006;2022-07-04;1X2X2222XXX11X
1007;2022-07-11;1112111X1XX111
1008;2022-07-18;X1XX12111X2221
1009;2022-07-25;21X21112X1112X
1010;2022-08-01;112112111X1211
1011;2022-08-08;2X2111X1211X12
1012;2022-08-15;2X111X21X21111
1013;2022-08-22;X2112XXX2XX1X1
1014;2022-08-29;XX112X1XX2112X
1015;2022-09-05;XX11X11X12X2X2
1016;2022-09-12;XX11X12XX1111X
1017;2022-09-19;21121XX1211X1X
1018;2022-09-26;112121X2112111
1019;2022-10-03;11222X1121211X
1020;2022-10-10;1X122X11112X12
1021;2022-10-17;X122111XXX2X12
1022;2022-10-24;211112222X21X2
1023;2022-10-31;121X2121211112
1024;2022-11-07;12112221X11X12
1025;2022-11-14;2122X112212221
1026;2022-11-24;112X2XX12111X1
1027;2022-11-28;12XX211121XX21
1028;2022-12-02;12122122X21212
1029;2023-01-09;2X1X221221X222
1030;2023-01-16;1211X1X1X2111X
1031;2023-01-23;X12XXX121XX211
1032;2023-01-30;1XX2112X111X22
1033;2023-02-06;12111X211111X2
1034;2023-02-13;1X2112XX211212
1035;2023-02-22;1X1XX21X111222
1036;2023-02-27;2112X1221X1211
1037;2023-03-06;22XX2XX21X1211
1038;2023-03-13;11X11XX121X1X1
1039;2023-03-20;2111XXX2111112
1040;2023-03-27;111X1111121X2X
1041;2023-04-03;111X1221121112
1042;2023-04-06;2X11XX21211112
1043;2023-04-10;11121X112X112X
1044;2023-04-13;1211X12X111112
1045;2023-04-17;121X11X1211111
1046;2023-04-20;X111111X111211
1047;2023-04-24;X1112X1111X221
1048;2023-04-27;112121112XX111
1049;2023-05-02;1X1X211X2221X2
1050;2023-05-04;11X2X112XX1212
1051;2023-05-08;X12XX2X11112X1
1052;2023-05-12;122X122121X1XX
1053;2023-05-15;X2211X11X22211
1054;2023-05-18;X11XX2X21111XX
1055;2023-05-22;1X121211X21X21
1056;2023-05-25;1112221121XXXX
1057;2023-05-29;X21XXX11211111
1058;2023-06-02;12XX1222111121
1059;2023-06-05;2X121111X11221
1060;2023-06-09;1221212X11XX11
1061;2023-06-12;1X2XX1XXX2121X
1062;2023-06-15;1X1121X2112X11
1063;2023-06-19;12221X22X12X12
1064;2023-06-23;X21X2111222211
1065;2023-06-26;21X111X111212X
1066;2023-06-29;111X2X21111212
1067;2023-07-03;11X221X21XX111
1068;2023-07-10;XX2X221211X12X
1069;2023-07-17;X11121XX21111X
1070;2023-07-24;1X122X1112XX21
1071;2023-07-31;21122X12X121XX
1072;2023-08-07;1XX11X121X12X1
1073;2023-08-14;XXX112211X1X21
1074;2023-08-21;X2121X1121XXX1
1075;2023-08-28;X11X1X1X12XX11
1076;2023-09-04;22XX112X1X1XXX
1077;2023-09-11;XX2X21X1221111
1078;2023-09-18;2111X111111111
1079;2023-09-25;X21X1X2211X111
1080;2023-10-02;111X11X12X1X22
1081;2023-10-09;XX2X1X121211X1
1082;2023-10-16;1211XXXX22111X
1083;2023-10-23;2121X1X2211121
1084;2023-10-30;X1X1112XXX2XXX
1085;2023-11-06;XX22XX22112222
1086;2023-11-13;X11121X22X1X11
1087;2023-11-20;1111X12X12X111
1088;2023-11-27;111212X1XX1X2X
1089;2023-12-04;1121X11211111X
1090;2023-12-11;11111111XX1XX2
1091;2023-12-18;XX111211X11X21
1092;2024-01-08;2XX1X2X12X2XXX
1093;2024-01-15;X211X1X112112X
1094;2024-01-22;11111221X1XXXX
1095;2024-01-29;121X1X1X21111X
1096;2024-02-05;X222X1X1X1X1XX
1097;2024-02-14;11211XX222111X
1098;2024-02-19;X22X1X221X1X21
1099;2024-02-26;121X11122X11X2
1100;2024-03-04;X22211121XX112
1101;2024-03-11;2XX2XX122112X1
1102;2024-03-18;X1XXX11211XX11
1103;2024-03-25;2XX2X22122X1XX
1104;2024-04-01;X222X21XX11111
1105;2024-04-04;XX1X211X2X12XX
1106;2024-04-08;11XXX11XX2X112
1107;2024-04-11;221X1111X11111
1108;2024-04-15;XX12X2XX111212
1109;2024-04-18;121211X111XX21
1110;2024-04-22;X1112X1111XX21
1111;2024-04-25;12X1X111121122
1112;2024-04-29;22X2X121111XXX
1113;2024-05-02;X1XX12212X1221
1114;2024-05-06;XXX1X22XX21222
1115;2024-05-09;1221X1X2X11122
1116;2024-05-13;11111212X12112
1117;2024-05-16;111112X1XX1X21
1118;2024-05-20;1221X12X11X21X
1119;2024-05-23;XX11X2111121X2
1120;2024-05-27;21X212XX1XX21X
1121;2024-05-31;11X111X2111X21
1122;2024-06-03;222X2X2X22X112
1123;2024-06-06;11X122111111X2
1124;2024-06-10;21122X12XX1111
1125;2024-06-14;XXX11121111X21
1126;2024-06-17;X12121X1X12XX1
1127;2024-06-20;XXXX21112111X1
1128;2024-06-24;211XX1X122X111
1129;2024-06-27;12XX1121XX1112
1130;2024-07-01;XXXX1X11X112XX
1131;2024-07-05;X1X12111221X1X
1132;2024-07-08;12X1X111122121
1133;2024-07-12;1X1222121X2112
1134;2024-07-15;X21X1111112X21
1135;2024-07-19;1X112111X1XX1X
1136;2024-07-22;1111111221X1X2
1137;2024-07-26;1XXX1X1X21X2X1
1138;2024-07-29;2111221211XX12
1139;2024-08-02;111XX1X1211XX1
1140;2024-08-05;111X2112X11X11
1141;2024-08-09;X11X11X11211XX
1142;2024-08-12;1112XX1X11X1XX
1143;2024-08-16;111X21X12X1211
1144;2024-08-19;1X2222X221X12X
1145;2024-08-23;X11122X1211211
1146;2024-08-26;11X112X211X111
1147;2024-08-30;2111XX21X21X11
1148;2024-09-02;121112X22X1212
1149;2024-09-09;21X21X112111XX
1150;2024-09-16;X21XX11X112111
1151;2024-09-23;21122112112XX1
1152;2024-09-30;111XXX1111X1X1
1153;2024-10-07;2X2X1111121X1X
1154;2024-10-14;1221X111X12211
1155;2024-10-21;X121212XX12122
1156;2024-10-28;X11111122X2XX1
1157;2024-11-04;1X12122X211X12
1158;2024-11-11;22XX22111X1XXX
1159;2024-11-18;2X12X1221211X2
1160;2024-11-25;2XXX1X11111XX1
1161;2024-12-02;222XX12111XX1X
1162;2024-12-09;X2121212122111
1163;2024-12-16;2X121121XX2211
1164;2025-01-13;2X1XXXX11XX12X
1165;2025-01-20;121211XX2111X2
1166;2025-01-27;1X12122122X111
1167;2025-02-03;2XX12X2111211X
1168;2025-02-10;X21XX22121XX11
1169;2025-02-17;X212X221XXX211
1170;2025-02-24;X21221112X2122
1171;2025-03-05;11X22211111122
1172;2025-03-10;1X1X2111XX1X22
1173;2025-03-17;X1121211XX1122
1174;2025-03-24;X122X221XX11X1
1175;2025-03-31;1X2XX111XXX11X
1176;2025-04-03;22112X2X2X2212
1177;2025-04-07;11XX1X1X212XXX
1178;2025-04-10;2X111XX2112X12
1179;2025-04-14;1112X11X2XX1XX
1180;2025-04-17;X112X12221X111
1181;2025-04-22;X1111X2111X1X1
1182;2025-04-24;XXXXX22XXXX2X1
1183;2025-04-28;111XX1X11X2121
1184;2025-05-02;1XX112212XX211
1185;2025-05-05;11111X1X21111X
1186;2025-05-08;2X2XX12212222X
1187;2025-05-12;1X11X111112111
1188;2025-05-15;XX211111X1111X
1189;2025-05-19;111112X11XXXX2
1190;2025-05-22;1X12X1XX212X11
1191;2025-05-26;221X1XX2211222
1192;2025-05-29;1X111X1111111X
1193;2025-06-02;11X22211221X2X
1194;2025-06-09;22122X121112X1
1195;2025-06-12;1111111X1XX1X1
1196;2025-06-16;X1XX1X1111X111
1197;2025-06-20;XXX11222212122
1198;2025-06-23;1X2X121X111111
1199;2025-06-26;X12211X21XX2X1
1200;2025-06-30;21212121X2122X
1201;2025-07-07;XX1XXXX2221XX2
1202;2025-07-14;1111X221XX2112
1203;2025-07-21;1X1X12X1111212
1204;2025-07-28;11XXX11X211XXX
1205;2025-08-04;XXX11X1X12X1X2
1206;2025-08-11;12112X2X11X122
1207;2025-08-18;2X11X1XX221222
1208;2025-08-25;1X112X221X1221
1209;2025-09-01;X21111X1121122
1210;2025-09-08;2212112XX11211
1211;2025-09-15;112112XXX21X11
1212;2025-09-22;X2XX1211121111
1213;2025-09-29;21X111111122X1
1214;2025-10-06;211X1121121X11
1215;2025-10-13;11221211111112
1216;2025-10-20;1112112122X112
1217;2025-10-27;X12212111X112X
1218;2025-11-03;1X12X11112XX2X
1219;2025-11-10;122X21X2XX11XX
1220;2025-11-17;1X211122121211
1221;2025-11-24;1X1211X1111121
1222;2025-12-01;212X22122X2X1X
1223;2025-12-08;XX112X11X12121
1224;2025-12-15;21122122112122
1225;2025-12-22;22112222111211
1226;2025-12-29;211X1222X211XX
1227;2026-01-05;X21X22X1X1121X
1228;2026-01-12;1X1222X11XX2X1
1229;2026-01-19;X111XX1X21111X
1230;2026-01-26;1122X2221X1122
1231;2026-02-02;2X2XX2X1X12121
1232;2026-02-09;21121X12X1X1XX
1233;2026-02-18;XXX2222222X112
1234;2026-02-23;122X1XX1X1111X
1235;2026-03-02;X2X1X1111XX1XX
1236;2026-03-09;2XX1111XXX1X22
1237;2026-03-16;1111X212XXX1X2
1238;2026-03-23;X211X21X112111
1239;2026-03-30;22211X2212111X
1240;2026-04-06;212111XX11222X
1241;2026-04-09;2X222111XX1111
1242;2026-04-13;21X1X21X11X2X1
1243;2026-04-16;11111112X12222
1244;2026-04-20;12121X12212111
1245;2026-04-23;12XX12XX2X21XX
1246;2026-04-27;2XX21111112X11
1247;2026-04-30;X2121X1112X1X1
1248;2026-05-04;X2X1X1211X1221
1249;2026-05-07;22X11XXX2XX11X
1250;2026-05-11;1XX2XXX2211212
1251;2026-05-14;121111X2211211
1252;2026-05-18;1111X221X1112X
1253;2026-05-25;2X111121222112
1254;2026-06-01;11212111X12XX1
1255;2026-06-17;X21X11XXX121X1
1256;2026-06-22;112X1111211X1X
1257;2026-06-25;221111X2111112
1258;2026-06-28;212X1X21221X12
1259;2026-07-03;1XX2111X1111XX
1260;2026-07-08;22222221111X11
1261;2026-07-13;111XXXX11211X1
1262;2026-07-19;22111X1X1X12X1
1263;2026-07-23;2XX1221X21X222
1264;2026-07-31;1X2XX212111121
1265;2026-08-10;X1X111XX2XX221
1266;2026-08-17;1211XXXX12X212
1267;2026-08-24;11X2X112X1X122
1268;2026-08-31;11121X1X21X112
1269;2026-09-08;X21112X1222112
1270;2026-09-14;112121X1X121X2
1271;2026-09-21;1X112211X22121
