triplos;duplos;apostas;valor_reais;cotas_min;cotas_max;valor_min_cota_reais
0;1;2;4.00;;;
0;2;4;8.00;;;
0;3;8;16.00;2;4;4.00
0;4;16;32.00;2;8;4.00
0;5;32;64.00;2;16;4.00
0;6;64;128.00;2;32;4.00
0;7;128;256.00;2;50;5.12
0;8;256;512.00;2;50;10.24
0;9;512;1024.00;2;50;20.48
1;0;3;6.00;;;
1;1;6;12.00;;;
1;2;12;24.00;2;6;4.00
1;3;24;48.00;2;12;4.00
1;4;48;96.00;2;24;4.00
1;5;96;192.00;2;48;4.00
1;6;192;384.00;2;50;7.68
1;7;384;768.00;2;50;15.36
1;8;768;1536.00;2;50;30.72
2;0;9;18.00;2;4;4.50
2;1;18;36.00;2;9;4.00
2;2;36;72.00;2;18;4.00
2;3;72;144.00;2;36;4.00
2;4;144;288.00;2;50;5.76
2;5;288;576.00;2;50;11.52
2;6;576;1152.00;2;50;23.04
3;0;27;54.00;2;12;4.50
3;1;54;108.00;2;27;4.00
3;2;108;216.00;2;50;4.32
3;3;216;432.00;2;50;8.64
3;4;432;864.00;2;50;17.28
3;5;864;1728.00;2;50;34.56
4;0;81;162.00;2;40;4.05
4;1;162;324.00;2;50;6.48
4;2;324;648.00;2;50;12.96
4;3;648;1296.00;2;50;25.92
5;0;243;486.00;2;50;9.72
5;1;486;972.00;2;50;19.44
6;0;729;1458.00;2;50;29.16
